1,1,img/a1.jpg,img/a2.jpg,img/a3.jpg
2,2,img/b1.jpg,img/b2.jpg,
3,3,img/c1.jpg,img/c2.jpg,img/c3.jpg
4,4,img/d1.jpg,,
5,5,img/e1.jpg,img/e2.jpg,img/e3.jpg
6,6,img/f1.jpg,,
7,7,img/g1.jpg,img/g2.jpg,img/g3.jpg
8,8,img/k1.jpg,,
9,9,img/h1.jpg,,
10,10,img/900_thumb_P_1500252640864.jpg,,
11,11,img/i1.jpg,img/i2.jpg,img/i3.jpg
12,12,img/j1.jpg,img/j2.jpg,img/j3.jpg
13,13,img/l1.jpg,img/l2.jpg,
14,14,img/m1.jpg,img/m2.jpg,img/m3.jpg
15,15,img/n1.jpg,img/n2.jpg,img/n3.jpg
16,16,img/o1.jpg,img/o2.jpg,img/o3.jpg
17,17,img/552_thumb_P_1479607503393.jpg,,
18,18,img/p1.jpg,,
19,19,img/q1.jpg,img/536_thumb_P_1479435003420.jpg,
20,20,img/r1.jpg,,
21,21,img/904_thumb_P_1500415080262.jpg,,
22,22,img/s1.jpg,,
23,23,img/t1.jpg,,
24,24,img/u1.jpg,,
25,25,img/v1.jpg,,
26,26,img/w1.jpg,,
27,27,img/x1.jpg,img/x2.jpg,img/x3.jpg
28,28,img/y1.jpg,img/y2.jpg,img/y3.jpg
29,29,img/z1.jpg,img/z3.jpg,img/z3.jpg
30,30,img/aa1.jpg,img/aa2.jpg,img/aa3.jpg
31,31,img/bb1.jpg,,
32,32,img/cc.jpg,img/cc2.jpg,img/cc3.jpg
33,33,img/dd1.jpg,,
34,34,img/ee1.jpg,,
35,35,img/ff1.jpg,,
36,36,img/562_thumb_P_1476636002600.jpg,,
37,37,img/hh1.jpg,,
38,38,img/592_thumb_p_1476636002797.jpg,img/592_thumb_p_1479674318897.jpg,img/592_thumb_p_1479674318897.jpg
39,39,img/577_thumb_p_1476636002306.jpg,,
40,40,img/579_thumb_p_1479674545620.jpg,img/579_thumb_p_1476636002488.jpg,
41,41,img/908_thumb_p_1502652970153.jpg,,
42,42,img/587_thumb_p_1479680628517.jpg,img/587_thumb_p_1476636002509.jpg,img/587_thumb_p_1479680628740.jpg
43,43,img/578_thumb_p_1479678415978.jpg,img/578_thumb_p_1479678416502.jpg,img/578_thumb_p_1479678416502.jpg
44,44,img/590_thumb_p_1476636002111.jpg,img/590_thumb_p_1479678597459.jpg,img/590_thumb_p_1479678597065.jpg
45,45,img/572_thumb_P_1476636002915.jpg,,
46,46,img/842_thumb_p_1479681982173.jpg,,
47,47,img/843_thumb_p_1479682527903.jpg,,
48,48,img/793_thumb_p_1476636007363.jpg,img/793_thumb_p_1476905428307.jpg,img/793_thumb_p_1476905429867.jpg
49,49,img/785_thumb_p_1476636007285.jpg,img/785_thumb_p_1476917218252.jpg,img/785_thumb_p_1476917219970.jpg
50,50,img/597_thumb_p_1476636002064.jpg,img/597_thumb_p_1479682744363.jpg,img/597_thumb_p_1479682744363.jpg
51,51,img/785_thumb_p_1476636007285.jpg,img/596_thumb_p_1476636002938.jpg,img/596_thumb_p_1479682924936.jpg
52,52,img/632_thumb_p_1479766961547.jpg,img/632_thumb_p_1479766992247.jpg,img/632_thumb_p_1479766981338.jpg
53,53,img/634_thumb_p_1476636003611.jpg,img/634_thumb_p_1479769997496.jpg,
54,54,img/639_thumb_p_1479773853989.jpg,img/639_thumb_p_1479773853976.jpg,img/639_thumb_p_1479773853976.jpg
55,55,img/640_thumb_p_1479767895422.jpg,img/640_thumb_p_1479767877733.jpg,
56,56,img/518_thumb_p_1506619909791.jpg,img/518_thumb_p_1506619891198.jpg,img/518_thumb_p_1506619891850.jpg
57,57,img/642_thumb_p_1476636003538.jpg,img/642_thumb_p_1479776525234.jpg,
58,58,img/872_thumb_p_1479835119030.jpg,,
59,59,img/873_thumb_p_1479835471008.jpg,,
60,60,img/873_thumb_p_1479835471008.jpg,,
61,61,img/874_thumb_p_1479835728263.jpg,,
62,62,img/878_thumb_p_1479837610896.jpg,,
63,63,img/843_thumb_p_1479682527903.jpg,,
64,64,img/843_thumb_p_1479682527903.jpg,,
65,65,img/843_thumb_p_1479682527903.jpg,,
66,66,img/843_thumb_p_1479682527903.jpg,,
67,67,img/843_thumb_p_1479682527903.jpg,,
